wpa,abierta,wep,ccmp,tkip,banda,canal,senal,radio,resultado
1,0,0,1,0,2.4,3,98,2,1
1,0,0,0,1,5,5,75,2,0
1,0,0,1,0,6,5,77,1,1
0,1,0,0,0,2.4,3,27,1,0
0,1,0,0,0,2.4,1,54,2,0
0,0,1,0,1,2.4,1,89,1,0
0,1,0,0,0,6,6,72,2,0
0,1,0,0,0,5,4,100,2,0
1,0,0,1,0,5,11,86,1,1
1,0,0,1,0,6,12,33,1,1
0,1,0,0,0,6,13,85,1,0
0,1,0,0,0,6,1,34,2,0
0,1,0,0,0,5,4,89,2,0
0,1,0,0,0,6,8,45,1,0
0,1,0,0,0,2.4,8,94,1,0
1,0,0,0,1,6,4,34,2,0
0,1,0,0,0,2.4,2,53,2,0
1,0,0,0,1,6,8,93,0,0
1,0,0,1,0,6,2,48,0,1
0,1,0,0,0,2.4,13,34,0,0
0,1,0,0,0,2.4,1,41,2,0
0,1,0,0,0,2.4,1,50,0,0
0,1,0,0,0,6,1,58,2,0
1,0,0,0,1,6,6,41,0,0
1,0,0,0,1,5,4,97,0,0
0,0,1,1,0,5,11,38,0,0
1,0,0,0,1,6,9,60,2,0
0,0,1,1,0,2.4,4,93,0,0
1,0,0,1,0,5,10,29,0,1
1,0,0,0,1,5,13,97,0,0
1,0,0,1,0,2.4,3,32,0,1
0,1,0,0,0,2.4,2,25,2,0
1,0,0,0,1,6,13,80,0,0
1,0,0,0,1,2.4,10,98,0,0
1,0,0,1,0,6,1,79,1,1
0,1,0,0,0,2.4,5,92,1,0
1,0,0,1,0,2.4,5,20,1,1
0,1,0,0,0,5,1,43,1,0
0,0,1,0,1,6,10,68,2,0
0,0,1,0,1,2.4,10,42,1,0
0,1,0,0,0,5,12,86,2,0
0,1,0,0,0,5,5,58,1,0
0,1,0,0,0,2.4,10,22,0,0
0,1,0,0,0,2.4,13,99,1,0
0,1,0,0,0,5,3,96,2,0
0,0,1,1,0,5,5,60,1,0
0,1,0,0,0,6,5,94,0,0
1,0,0,1,0,5,13,21,1,1
0,1,0,0,0,2.4,3,77,0,0
0,1,0,0,0,6,5,28,1,0
0,0,1,1,0,2.4,9,88,2,0
0,1,0,0,0,6,7,64,2,0
0,1,0,0,0,2.4,9,33,1,0
0,1,0,0,0,6,13,22,1,0
0,1,0,0,0,6,10,25,0,0
1,0,0,0,1,2.4,1,77,2,0
0,0,1,1,0,2.4,9,36,0,0
0,1,0,0,0,6,6,50,0,0
0,1,0,0,0,2.4,7,67,0,0
0,0,1,0,1,5,3,80,2,0
0,1,0,0,0,2.4,8,57,2,0
1,0,0,0,1,2.4,1,37,2,0
0,0,1,1,0,5,1,67,0,0
0,1,0,0,0,2.4,12,34,0,0
0,0,1,1,0,5,11,44,1,0
1,0,0,1,0,5,1,42,0,1
1,0,0,0,1,2.4,13,59,2,0
0,1,0,0,0,5,9,55,1,0
1,0,0,0,1,2.4,9,94,1,0
0,1,0,0,0,5,4,75,2,0
0,1,0,0,0,5,7,25,1,0
0,1,0,0,0,6,13,53,2,0
1,0,0,0,1,2.4,11,80,0,0
0,0,1,0,1,6,2,29,2,0
1,0,0,0,1,5,5,56,1,0
0,1,0,0,0,2.4,7,100,2,0
0,1,0,0,0,5,11,37,2,0
0,0,1,0,1,5,5,28,0,0
1,0,0,1,0,5,2,88,0,1
0,1,0,0,0,6,4,40,1,0
1,0,0,0,1,5,13,94,1,0
0,1,0,0,0,6,4,24,0,0
0,1,0,0,0,5,12,38,1,0
0,1,0,0,0,5,8,35,2,0
0,0,1,1,0,6,2,20,1,0
0,1,0,0,0,6,3,83,0,0
0,0,1,1,0,5,9,90,2,0
1,0,0,1,0,2.4,6,43,2,1
0,1,0,0,0,2.4,2,96,1,0
0,1,0,0,0,6,3,64,1,0
0,1,0,0,0,2.4,6,72,1,0
0,1,0,0,0,6,2,96,2,0
0,1,0,0,0,5,4,44,2,0
0,0,1,1,0,5,8,56,1,0
0,1,0,0,0,2.4,13,30,1,0
1,0,0,0,1,5,5,96,0,0
0,1,0,0,0,5,3,35,0,0
1,0,0,1,0,2.4,3,33,0,1
0,1,0,0,0,2.4,2,70,1,0
0,1,0,0,0,2.4,7,36,2,0
1,0,0,0,1,2.4,5,86,2,0
1,0,0,1,0,5,1,68,0,1
0,1,0,0,0,5,7,54,0,0
0,1,0,0,0,2.4,5,48,0,0
0,1,0,0,0,6,2,27,0,0
1,0,0,0,1,5,12,31,2,0
1,0,0,0,1,6,9,85,1,0
0,1,0,0,0,2.4,9,44,1,0
1,0,0,1,0,2.4,11,50,1,1
0,1,0,0,0,5,12,63,1,0
0,0,1,0,1,6,12,66,2,0
1,0,0,0,1,2.4,3,78,1,0
1,0,0,0,1,2.4,12,58,2,0
0,1,0,0,0,6,12,99,1,0
1,0,0,1,0,2.4,11,67,1,1
0,1,0,0,0,5,11,51,2,0
0,1,0,0,0,5,2,91,1,0
0,1,0,0,0,2.4,11,85,0,0
1,0,0,1,0,5,5,21,1,1
0,1,0,0,0,5,10,44,0,0
1,0,0,0,1,5,8,77,0,0
1,0,0,0,1,5,2,81,0,0
0,1,0,0,0,5,5,41,2,0
1,0,0,0,1,5,11,69,1,0
0,1,0,0,0,2.4,11,58,0,0
1,0,0,1,0,6,2,63,0,1
1,0,0,1,0,2.4,1,56,2,1
0,0,1,1,0,6,9,52,2,0
0,1,0,0,0,6,12,94,1,0
0,1,0,0,0,5,12,80,1,0
0,1,0,0,0,6,5,35,1,0
1,0,0,0,1,6,10,30,0,0
0,1,0,0,0,6,5,31,0,0
0,1,0,0,0,2.4,3,91,2,0
1,0,0,1,0,6,7,56,0,1
0,1,0,0,0,2.4,13,44,0,0
0,0,1,0,1,5,9,43,0,0
0,1,0,0,0,6,13,56,2,0
0,1,0,0,0,5,12,95,0,0
0,1,0,0,0,5,4,80,1,0
1,0,0,0,1,6,10,85,2,0
0,1,0,0,0,5,1,27,1,0
0,1,0,0,0,2.4,12,40,2,0
0,1,0,0,0,6,8,72,1,0
0,1,0,0,0,2.4,5,87,0,0
0,0,1,0,1,5,2,97,1,0
0,1,0,0,0,5,4,42,1,0
1,0,0,0,1,6,5,47,0,0
0,1,0,0,0,2.4,13,33,0,0
0,1,0,0,0,2.4,13,99,2,0
0,1,0,0,0,2.4,13,75,1,0
0,1,0,0,0,6,11,50,0,0
0,0,1,0,1,5,7,38,0,0
0,0,1,0,1,5,13,22,1,0
0,1,0,0,0,2.4,9,23,1,0
1,0,0,1,0,2.4,9,81,0,1
0,0,1,0,1,2.4,6,28,1,0
0,1,0,0,0,2.4,6,20,1,0
0,1,0,0,0,5,7,57,2,0
1,0,0,1,0,2.4,4,84,2,1
0,1,0,0,0,2.4,1,55,1,0
0,0,1,0,1,2.4,1,47,0,0
1,0,0,1,0,5,9,30,2,1
0,1,0,0,0,2.4,7,90,2,0
0,1,0,0,0,2.4,2,21,1,0
0,1,0,0,0,5,2,72,0,0
0,1,0,0,0,2.4,6,55,0,0
0,1,0,0,0,6,9,35,1,0
0,1,0,0,0,5,6,28,0,0
1,0,0,0,1,5,2,87,1,0
0,1,0,0,0,6,1,25,1,0
0,1,0,0,0,2.4,10,26,0,0
0,1,0,0,0,2.4,7,43,2,0
1,0,0,1,0,2.4,8,28,2,1
0,1,0,0,0,5,9,50,1,0
0,0,1,0,1,2.4,5,73,1,0
1,0,0,1,0,5,4,73,2,1
0,1,0,0,0,5,2,35,0,0
1,0,0,1,0,2.4,8,73,2,1
0,0,1,1,0,5,1,97,1,0
1,0,0,0,1,2.4,12,51,1,0
1,0,0,1,0,5,9,44,0,1
0,0,1,1,0,5,8,44,0,0
0,1,0,0,0,5,1,37,2,0
0,0,1,1,0,6,11,26,2,0
1,0,0,1,0,2.4,11,42,1,1
0,1,0,0,0,2.4,12,82,1,0
0,0,1,1,0,2.4,10,79,0,0
0,1,0,0,0,5,4,42,2,0
0,1,0,0,0,6,8,82,2,0
0,1,0,0,0,2.4,2,46,0,0
1,0,0,1,0,6,2,31,1,1
0,1,0,0,0,6,5,85,2,0
1,0,0,1,0,5,11,30,2,1
0,1,0,0,0,2.4,13,27,1,0
0,1,0,0,0,6,12,41,2,0
1,0,0,1,0,2.4,13,76,1,1
0,0,1,1,0,6,2,68,0,0
0,1,0,0,0,5,2,68,0,0
0,0,1,0,1,5,5,47,1,0
1,0,0,0,1,2.4,8,30,1,0
1,0,0,0,1,5,8,67,2,0
1,0,0,1,0,2.4,5,67,0,1
0,0,1,1,0,5,1,30,0,0
0,1,0,0,0,2.4,8,32,1,0
1,0,0,1,0,2.4,5,27,2,1
0,0,1,0,1,6,7,94,1,0
1,0,0,1,0,2.4,1,41,2,1
0,1,0,0,0,6,11,39,2,0
0,0,1,0,1,5,12,22,2,0
0,0,1,1,0,6,6,38,0,0
0,1,0,0,0,2.4,1,90,0,0
0,1,0,0,0,2.4,7,38,2,0
0,0,1,1,0,2.4,9,95,0,0
0,1,0,0,0,5,8,31,1,0
0,1,0,0,0,2.4,10,61,2,0
0,1,0,0,0,6,7,93,0,0
0,1,0,0,0,5,2,94,1,0
0,1,0,0,0,5,12,43,1,0
0,1,0,0,0,6,8,43,2,0
0,1,0,0,0,5,3,95,2,0
0,1,0,0,0,5,6,74,2,0
0,0,1,0,1,6,12,45,1,0
0,1,0,0,0,2.4,11,43,0,0
0,0,1,1,0,6,11,90,0,0
1,0,0,1,0,2.4,12,95,1,1
0,0,1,0,1,2.4,5,38,1,0
1,0,0,1,0,2.4,4,21,2,1
0,0,1,1,0,2.4,8,21,2,0
1,0,0,0,1,2.4,3,58,2,0
0,1,0,0,0,5,4,85,1,0
0,1,0,0,0,5,5,57,2,0
0,0,1,1,0,6,3,34,0,0
1,0,0,0,1,6,7,40,2,0
0,1,0,0,0,6,10,57,2,0
0,0,1,1,0,6,10,56,0,0
1,0,0,0,1,2.4,6,30,1,0
0,1,0,0,0,5,9,24,1,0
0,1,0,0,0,5,1,74,2,0
0,1,0,0,0,6,11,22,0,0
0,1,0,0,0,6,2,39,1,0
0,1,0,0,0,6,7,21,0,0
1,0,0,0,1,6,1,61,1,0
1,0,0,0,1,6,2,30,1,0
0,1,0,0,0,6,7,61,1,0
1,0,0,0,1,2.4,4,38,1,0
1,0,0,0,1,6,3,69,0,0
1,0,0,1,0,2.4,1,58,0,1
0,1,0,0,0,5,12,76,2,0
1,0,0,1,0,5,3,36,2,1
0,0,1,1,0,5,4,84,1,0
0,1,0,0,0,2.4,5,48,1,0
0,1,0,0,0,6,9,30,1,0
1,0,0,1,0,2.4,13,31,2,1
0,1,0,0,0,5,9,27,0,0
0,1,0,0,0,2.4,1,81,1,0
1,0,0,0,1,6,12,94,1,0
0,0,1,1,0,5,1,47,1,0
0,1,0,0,0,5,6,83,0,0
0,1,0,0,0,2.4,7,50,1,0
0,1,0,0,0,2.4,4,73,0,0
1,0,0,0,1,2.4,2,75,2,0
0,1,0,0,0,6,5,41,2,0
0,1,0,0,0,5,4,33,2,0
0,1,0,0,0,2.4,13,77,2,0
1,0,0,0,1,5,1,70,0,0
1,0,0,0,1,2.4,6,76,1,0
0,1,0,0,0,5,4,58,1,0
1,0,0,0,1,5,2,26,2,0
0,1,0,0,0,5,8,50,0,0
0,0,1,0,1,6,8,55,2,0
0,0,1,1,0,5,13,58,0,0
0,1,0,0,0,6,9,87,2,0
0,1,0,0,0,5,4,80,2,0
1,0,0,1,0,2.4,10,90,1,1
1,0,0,0,1,5,9,86,2,0
0,1,0,0,0,5,10,76,1,0
1,0,0,0,1,5,5,75,2,0
0,1,0,0,0,6,7,23,2,0
0,1,0,0,0,2.4,13,64,2,0
0,1,0,0,0,5,8,84,1,0
0,1,0,0,0,5,5,42,0,0
0,1,0,0,0,2.4,9,94,2,0
1,0,0,1,0,6,10,40,1,1
0,1,0,0,0,5,8,57,1,0
0,0,1,0,1,5,10,28,2,0
0,0,1,1,0,2.4,6,51,0,0
0,1,0,0,0,6,13,61,0,0
0,1,0,0,0,6,2,67,0,0
0,1,0,0,0,2.4,5,63,0,0
1,0,0,0,1,6,7,43,1,0
0,0,1,0,1,5,6,36,2,0
1,0,0,0,1,2.4,5,78,2,0
0,1,0,0,0,2.4,11,69,0,0
0,1,0,0,0,5,7,93,1,0
0,1,0,0,0,2.4,9,85,0,0
0,0,1,0,1,2.4,11,36,0,0
0,1,0,0,0,2.4,13,46,0,0
0,1,0,0,0,6,9,33,1,0
0,1,0,0,0,2.4,13,90,1,0
0,0,1,0,1,5,2,52,2,0
1,0,0,0,1,5,4,37,2,0
0,1,0,0,0,6,9,93,2,0
0,1,0,0,0,5,6,99,0,0
0,0,1,1,0,5,6,54,2,0
1,0,0,1,0,6,5,72,1,1
0,1,0,0,0,5,8,69,1,0
0,1,0,0,0,2.4,2,30,0,0
0,1,0,0,0,6,12,95,2,0
1,0,0,0,1,2.4,12,56,2,0
0,0,1,1,0,2.4,8,31,2,0
0,0,1,0,1,2.4,7,69,2,0
0,0,1,1,0,5,3,71,2,0
1,0,0,1,0,2.4,6,71,1,1
0,1,0,0,0,6,10,37,2,0
0,1,0,0,0,5,4,20,1,0
1,0,0,1,0,5,5,85,0,1
0,0,1,0,1,2.4,12,98,2,0
0,1,0,0,0,5,13,66,1,0
0,1,0,0,0,2.4,8,30,2,0
1,0,0,0,1,6,5,89,2,0
1,0,0,1,0,6,4,77,1,1
0,0,1,1,0,6,7,43,2,0
1,0,0,0,1,6,5,79,2,0
0,1,0,0,0,2.4,3,77,1,0
1,0,0,0,1,6,6,27,1,0
0,1,0,0,0,6,2,70,0,0
0,1,0,0,0,6,2,34,2,0
0,1,0,0,0,2.4,1,45,2,0
1,0,0,0,1,5,2,93,0,0
0,1,0,0,0,5,9,46,0,0
0,1,0,0,0,6,9,98,2,0
0,1,0,0,0,2.4,8,85,0,0
1,0,0,1,0,5,8,93,0,1
0,1,0,0,0,5,2,71,0,0
1,0,0,1,0,6,1,34,0,1
0,0,1,0,1,5,6,53,1,0
0,1,0,0,0,6,8,52,1,0
0,1,0,0,0,6,8,50,1,0
1,0,0,1,0,2.4,1,87,1,1
0,1,0,0,0,5,5,84,0,0
0,1,0,0,0,2.4,11,93,2,0
1,0,0,1,0,2.4,7,89,1,1
1,0,0,0,1,5,9,48,2,0
0,0,1,1,0,2.4,1,61,0,0
0,1,0,0,0,6,13,68,2,0
1,0,0,0,1,5,13,62,2,0
0,1,0,0,0,5,4,100,0,0
0,1,0,0,0,5,12,91,0,0
0,1,0,0,0,6,10,35,2,0
1,0,0,0,1,6,5,84,2,0
0,1,0,0,0,5,9,48,2,0
0,1,0,0,0,6,4,48,2,0
0,1,0,0,0,5,5,42,1,0
0,0,1,0,1,5,12,20,2,0
0,0,1,1,0,5,3,62,0,0
0,1,0,0,0,5,3,27,1,0
1,0,0,0,1,5,4,27,1,0
0,0,1,1,0,6,7,57,1,0
0,1,0,0,0,2.4,8,92,1,0
0,1,0,0,0,5,2,36,0,0
0,1,0,0,0,6,4,55,0,0
1,0,0,0,1,2.4,13,65,2,0
0,0,1,0,1,2.4,9,96,2,0
0,1,0,0,0,6,11,44,0,0
0,1,0,0,0,2.4,5,53,1,0
0,1,0,0,0,2.4,9,59,1,0
1,0,0,0,1,6,7,100,2,0
0,0,1,1,0,5,13,43,0,0
1,0,0,1,0,2.4,1,31,0,1
1,0,0,0,1,2.4,4,28,1,0
0,1,0,0,0,5,8,63,2,0
0,1,0,0,0,2.4,5,49,1,0
0,1,0,0,0,6,13,57,1,0
0,1,0,0,0,5,3,45,1,0
0,1,0,0,0,6,11,28,0,0
0,1,0,0,0,2.4,7,84,1,0
0,1,0,0,0,2.4,5,21,1,0
1,0,0,1,0,6,13,66,0,1
0,0,1,1,0,2.4,7,97,1,0
0,1,0,0,0,2.4,6,58,0,0
0,1,0,0,0,5,1,37,2,0
0,0,1,0,1,6,5,82,2,0
0,1,0,0,0,2.4,8,81,1,0
0,1,0,0,0,6,10,50,0,0
0,1,0,0,0,2.4,10,46,2,0
0,1,0,0,0,5,4,28,0,0
0,1,0,0,0,6,11,66,0,0
0,1,0,0,0,5,2,70,1,0
1,0,0,0,1,5,6,32,1,0
0,0,1,1,0,5,2,66,1,0
0,0,1,1,0,5,6,83,2,0
0,0,1,0,1,6,2,69,1,0
1,0,0,1,0,6,4,25,0,1
1,0,0,1,0,5,7,37,1,1
1,0,0,1,0,6,1,62,2,1
1,0,0,1,0,6,10,26,0,1
1,0,0,0,1,5,10,39,2,0
1,0,0,1,0,2.4,10,82,0,1
1,0,0,0,1,2.4,13,39,1,0
0,1,0,0,0,5,8,75,2,0
0,1,0,0,0,2.4,13,41,2,0
0,1,0,0,0,6,1,36,0,0
1,0,0,0,1,6,11,63,2,0
0,1,0,0,0,5,8,28,1,0
1,0,0,1,0,5,10,36,0,1
1,0,0,0,1,5,1,80,2,0
0,1,0,0,0,2.4,11,88,0,0
0,1,0,0,0,2.4,3,70,1,0
0,1,0,0,0,2.4,4,28,2,0
1,0,0,1,0,6,10,40,2,1
0,0,1,0,1,5,8,46,2,0
1,0,0,0,1,6,9,32,1,0
0,1,0,0,0,5,12,21,2,0
0,1,0,0,0,5,5,33,1,0
1,0,0,0,1,6,13,53,1,0
1,0,0,1,0,5,12,24,2,1
0,1,0,0,0,2.4,13,81,0,0
1,0,0,0,1,6,8,48,1,0
0,1,0,0,0,5,7,78,2,0
1,0,0,0,1,5,7,40,2,0
0,1,0,0,0,6,5,23,1,0
1,0,0,1,0,6,9,39,2,1
0,1,0,0,0,5,12,77,2,0
0,0,1,0,1,2.4,6,87,1,0
1,0,0,0,1,5,5,100,1,0
0,0,1,0,1,2.4,4,100,1,0
0,1,0,0,0,2.4,11,67,2,0
0,0,1,0,1,6,7,56,0,0
1,0,0,1,0,6,10,27,0,1
0,1,0,0,0,6,10,74,2,0
0,1,0,0,0,6,3,77,0,0
0,1,0,0,0,5,12,75,1,0
1,0,0,1,0,5,13,68,2,1
0,1,0,0,0,6,13,68,0,0
0,1,0,0,0,2.4,10,44,0,0
0,1,0,0,0,5,13,87,0,0
0,1,0,0,0,6,10,36,1,0
0,0,1,0,1,2.4,4,71,1,0
0,1,0,0,0,5,10,65,1,0
0,1,0,0,0,2.4,5,80,0,0
1,0,0,0,1,5,10,36,2,0
0,0,1,1,0,2.4,6,45,1,0
0,1,0,0,0,6,12,71,0,0
0,1,0,0,0,5,8,52,2,0
1,0,0,0,1,5,10,48,2,0
0,0,1,1,0,2.4,13,80,0,0
1,0,0,0,1,6,10,50,2,0
0,1,0,0,0,6,11,77,0,0
0,1,0,0,0,2.4,1,81,2,0
0,0,1,1,0,6,3,91,0,0
0,0,1,0,1,6,10,62,1,0
0,1,0,0,0,6,2,99,1,0
0,1,0,0,0,6,13,53,1,0
0,0,1,1,0,6,4,24,2,0
0,1,0,0,0,2.4,3,61,1,0
0,1,0,0,0,5,12,38,1,0
1,0,0,0,1,6,1,66,1,0
1,0,0,1,0,6,11,58,1,1
0,1,0,0,0,6,7,99,2,0
1,0,0,1,0,2.4,4,69,0,1
1,0,0,0,1,2.4,2,77,0,0
1,0,0,1,0,5,1,90,1,1
0,1,0,0,0,5,3,49,0,0
0,1,0,0,0,5,13,80,2,0
0,1,0,0,0,2.4,8,65,1,0
0,1,0,0,0,2.4,6,94,0,0
0,1,0,0,0,6,1,68,0,0
0,1,0,0,0,5,11,57,1,0
1,0,0,1,0,5,4,32,0,1
1,0,0,1,0,2.4,8,28,0,1
1,0,0,1,0,5,1,59,2,1
0,1,0,0,0,5,10,38,2,0
1,0,0,0,1,6,4,94,0,0
0,1,0,0,0,2.4,8,68,0,0
0,0,1,1,0,6,8,98,1,0
1,0,0,0,1,6,2,61,2,0
0,1,0,0,0,2.4,7,31,2,0
1,0,0,1,0,5,1,61,0,1
0,1,0,0,0,5,12,37,1,0
1,0,0,1,0,2.4,7,73,2,1
1,0,0,1,0,2.4,7,20,1,1
0,1,0,0,0,6,1,38,0,0
0,1,0,0,0,2.4,13,66,0,0
1,0,0,1,0,5,10,54,2,1
0,1,0,0,0,2.4,11,72,1,0
0,1,0,0,0,6,3,33,2,0
0,1,0,0,0,2.4,13,82,2,0
0,1,0,0,0,6,12,92,0,0
0,1,0,0,0,5,6,87,2,0
1,0,0,1,0,5,9,94,0,1
0,0,1,0,1,5,2,52,1,0
0,1,0,0,0,6,12,59,2,0
0,0,1,1,0,2.4,10,50,2,0
1,0,0,1,0,5,12,32,1,1
1,0,0,1,0,6,7,26,2,1
0,0,1,0,1,5,4,76,1,0
0,1,0,0,0,2.4,8,65,2,0
1,0,0,0,1,2.4,3,53,1,0
0,1,0,0,0,2.4,9,55,2,0
1,0,0,1,0,2.4,11,57,0,1
0,1,0,0,0,5,12,93,1,0
1,0,0,0,1,5,10,25,0,0
1,0,0,1,0,6,7,86,0,1
0,1,0,0,0,2.4,13,28,2,0
0,1,0,0,0,6,8,90,2,0
1,0,0,0,1,6,9,26,2,0
0,1,0,0,0,5,1,75,2,0
1,0,0,1,0,6,12,79,2,1
0,1,0,0,0,2.4,4,34,2,0
0,1,0,0,0,5,4,38,0,0
1,0,0,0,1,5,5,44,1,0
0,1,0,0,0,5,2,51,0,0
1,0,0,0,1,2.4,8,57,1,0
1,0,0,1,0,5,9,51,2,1
0,1,0,0,0,6,9,46,1,0
0,0,1,0,1,5,7,74,2,0
0,1,0,0,0,2.4,5,98,1,0
0,1,0,0,0,2.4,8,27,0,0
0,1,0,0,0,6,3,94,0,0
0,1,0,0,0,2.4,8,39,2,0
0,1,0,0,0,2.4,4,70,0,0
0,1,0,0,0,2.4,1,53,1,0
0,1,0,0,0,2.4,9,74,1,0
0,1,0,0,0,2.4,9,92,2,0
0,0,1,0,1,2.4,1,78,0,0
0,1,0,0,0,2.4,6,34,0,0
0,0,1,1,0,2.4,11,66,0,0
0,1,0,0,0,6,10,66,1,0
0,1,0,0,0,6,9,81,2,0
0,1,0,0,0,2.4,8,72,2,0
0,1,0,0,0,2.4,6,37,0,0
0,1,0,0,0,2.4,6,50,2,0
0,1,0,0,0,5,8,52,1,0
0,0,1,1,0,2.4,13,86,1,0
0,1,0,0,0,5,1,26,1,0
0,1,0,0,0,6,7,42,0,0
0,1,0,0,0,6,7,99,1,0
0,0,1,0,1,6,7,72,2,0
0,1,0,0,0,5,2,30,1,0
0,1,0,0,0,6,9,65,0,0
0,1,0,0,0,5,4,25,1,0
1,0,0,0,1,6,12,71,0,0
1,0,0,1,0,6,11,54,1,1
0,0,1,1,0,5,4,52,2,0
1,0,0,0,1,6,6,85,0,0
1,0,0,1,0,5,7,89,0,1
0,1,0,0,0,2.4,7,67,1,0
1,0,0,0,1,6,1,35,1,0
1,0,0,0,1,5,13,46,2,0
0,0,1,1,0,6,5,64,1,0
0,0,1,0,1,2.4,5,30,2,0
0,0,1,0,1,6,4,49,0,0
0,1,0,0,0,2.4,5,81,1,0
0,1,0,0,0,2.4,12,72,1,0
0,1,0,0,0,6,7,83,1,0
1,0,0,1,0,2.4,1,42,1,1
0,1,0,0,0,5,10,31,1,0
0,1,0,0,0,6,8,75,2,0
1,0,0,1,0,5,10,98,2,1
0,1,0,0,0,2.4,3,36,1,0
0,1,0,0,0,2.4,12,55,1,0
1,0,0,1,0,2.4,10,46,2,1
0,0,1,0,1,5,1,73,1,0
0,1,0,0,0,5,1,27,0,0
0,1,0,0,0,2.4,5,22,1,0
0,1,0,0,0,2.4,5,44,0,0
0,1,0,0,0,5,1,81,0,0
0,1,0,0,0,6,8,62,2,0
0,1,0,0,0,5,4,60,1,0
1,0,0,1,0,5,11,43,0,1
0,0,1,1,0,2.4,9,96,2,0
0,0,1,0,1,6,6,47,0,0
1,0,0,1,0,5,6,34,1,1
0,0,1,0,1,2.4,11,91,0,0
0,0,1,1,0,2.4,13,25,1,0
1,0,0,0,1,5,7,74,1,0
1,0,0,1,0,5,8,56,2,1
0,1,0,0,0,6,12,94,1,0
1,0,0,1,0,2.4,6,20,2,1
1,0,0,1,0,5,3,83,2,1
0,1,0,0,0,2.4,2,62,0,0
1,0,0,1,0,6,11,86,1,1
0,1,0,0,0,5,8,23,2,0
0,1,0,0,0,5,7,60,2,0
0,1,0,0,0,5,2,88,1,0
1,0,0,1,0,6,9,79,2,1
0,1,0,0,0,6,12,51,1,0
1,0,0,0,1,6,4,57,0,0
0,1,0,0,0,2.4,12,73,1,0
1,0,0,1,0,5,4,37,2,1
1,0,0,1,0,5,2,64,2,1
1,0,0,1,0,2.4,3,84,1,1
1,0,0,1,0,6,2,81,1,1
0,1,0,0,0,5,7,82,2,0
1,0,0,0,1,5,10,96,2,0
0,1,0,0,0,6,13,89,1,0
0,1,0,0,0,5,8,87,2,0
0,1,0,0,0,5,13,71,2,0
1,0,0,0,1,6,2,45,2,0
1,0,0,0,1,2.4,1,29,1,0
0,0,1,1,0,5,6,73,2,0
0,1,0,0,0,2.4,2,55,0,0
0,1,0,0,0,2.4,3,78,1,0
0,1,0,0,0,5,3,24,2,0
0,1,0,0,0,6,5,72,0,0
0,0,1,0,1,6,8,37,0,0
0,1,0,0,0,6,11,33,1,0
1,0,0,0,1,2.4,6,94,0,0
0,1,0,0,0,2.4,4,65,0,0
0,0,1,1,0,6,2,57,0,0
1,0,0,1,0,5,1,46,0,1
0,1,0,0,0,2.4,13,30,1,0
1,0,0,1,0,2.4,6,53,2,1
0,0,1,1,0,6,1,89,1,0
0,1,0,0,0,2.4,8,43,2,0
0,1,0,0,0,5,8,63,2,0
0,0,1,0,1,5,3,57,2,0
1,0,0,1,0,6,3,77,0,1
0,1,0,0,0,2.4,13,40,2,0
0,1,0,0,0,2.4,9,47,0,0
1,0,0,0,1,6,3,88,1,0
1,0,0,1,0,6,5,57,2,1
0,1,0,0,0,5,10,61,1,0
0,1,0,0,0,2.4,13,40,2,0
1,0,0,0,1,6,8,77,0,0
0,1,0,0,0,5,7,25,0,0
1,0,0,0,1,6,1,65,1,0
0,1,0,0,0,2.4,5,90,0,0
0,1,0,0,0,6,1,32,2,0
0,1,0,0,0,2.4,13,100,0,0
1,0,0,1,0,6,5,65,1,1
0,1,0,0,0,5,4,32,0,0
1,0,0,1,0,5,4,77,2,1
0,1,0,0,0,6,7,30,2,0
0,1,0,0,0,5,8,98,2,0
1,0,0,1,0,5,11,75,1,1
0,1,0,0,0,5,9,77,0,0
1,0,0,0,1,2.4,3,58,1,0
0,1,0,0,0,5,12,42,0,0
0,1,0,0,0,2.4,3,34,2,0
1,0,0,1,0,2.4,2,63,0,1
0,1,0,0,0,6,4,36,1,0
0,1,0,0,0,5,11,36,1,0
1,0,0,1,0,2.4,13,46,0,1
0,1,0,0,0,5,11,70,1,0
0,0,1,1,0,5,4,37,1,0
0,0,1,1,0,2.4,2,84,2,0
1,0,0,0,1,2.4,5,68,1,0
0,1,0,0,0,2.4,13,80,0,0
0,1,0,0,0,5,6,33,1,0
0,1,0,0,0,5,6,75,2,0
1,0,0,1,0,5,13,93,0,1
1,0,0,1,0,6,3,49,2,1
0,1,0,0,0,6,13,72,2,0
1,0,0,1,0,5,13,72,1,1
0,1,0,0,0,5,11,97,0,0
1,0,0,0,1,5,2,41,0,0
0,1,0,0,0,2.4,12,95,1,0
0,1,0,0,0,2.4,10,22,2,0
1,0,0,1,0,5,8,82,2,1
0,0,1,0,1,6,10,26,1,0
1,0,0,0,1,2.4,7,96,1,0
0,1,0,0,0,6,10,69,1,0
0,1,0,0,0,2.4,9,31,2,0
1,0,0,0,1,6,7,39,1,0
0,1,0,0,0,6,3,33,1,0
1,0,0,0,1,2.4,2,94,2,0
1,0,0,0,1,6,13,92,1,0
0,1,0,0,0,2.4,7,22,0,0
0,1,0,0,0,6,6,79,1,0
1,0,0,1,0,2.4,4,85,1,1
0,1,0,0,0,2.4,2,22,1,0
0,0,1,0,1,6,12,28,2,0
0,1,0,0,0,6,6,22,1,0
1,0,0,1,0,5,6,77,2,1
0,0,1,1,0,6,10,64,2,0
1,0,0,0,1,5,1,91,1,0
1,0,0,0,1,2.4,9,25,2,0
0,0,1,1,0,5,5,96,1,0
0,1,0,0,0,5,3,66,1,0
0,1,0,0,0,5,6,66,1,0
0,1,0,0,0,5,10,41,2,0
0,0,1,1,0,2.4,1,97,1,0
0,1,0,0,0,6,3,37,2,0
1,0,0,0,1,5,7,92,0,0
0,1,0,0,0,5,13,25,0,0
1,0,0,0,1,2.4,7,47,0,0
1,0,0,1,0,5,6,72,0,1
1,0,0,1,0,5,12,43,0,1
0,1,0,0,0,6,13,21,1,0
0,0,1,0,1,5,7,86,1,0
1,0,0,1,0,2.4,12,72,0,1
1,0,0,0,1,5,2,29,2,0
0,1,0,0,0,6,9,92,2,0
1,0,0,0,1,2.4,3,91,1,0
0,0,1,0,1,2.4,5,98,2,0
1,0,0,0,1,6,10,66,0,0
1,0,0,1,0,6,6,92,1,1
0,1,0,0,0,6,9,80,1,0
0,1,0,0,0,5,4,41,1,0
0,1,0,0,0,6,9,72,1,0
1,0,0,1,0,5,4,87,1,1
0,1,0,0,0,2.4,13,26,2,0
0,0,1,0,1,2.4,11,97,1,0
0,1,0,0,0,5,3,39,0,0
1,0,0,0,1,6,5,72,0,0
0,1,0,0,0,2.4,7,24,2,0
0,0,1,0,1,6,6,99,0,0
1,0,0,1,0,2.4,5,22,2,1
1,0,0,1,0,6,4,63,1,1
1,0,0,0,1,2.4,7,53,1,0
0,1,0,0,0,2.4,6,68,0,0
1,0,0,1,0,5,4,35,2,1
1,0,0,1,0,5,1,67,1,1
0,1,0,0,0,6,8,26,2,0
0,1,0,0,0,2.4,11,25,1,0
0,0,1,0,1,2.4,4,48,1,0
1,0,0,0,1,2.4,1,97,1,0
0,1,0,0,0,6,7,56,2,0
0,1,0,0,0,2.4,1,72,0,0
1,0,0,1,0,5,11,53,2,1
1,0,0,0,1,6,4,37,1,0
0,1,0,0,0,5,8,89,0,0
0,1,0,0,0,5,13,52,0,0
0,0,1,0,1,5,4,84,1,0
0,1,0,0,0,6,10,63,2,0
1,0,0,0,1,2.4,6,89,0,0
1,0,0,0,1,2.4,4,34,1,0
0,1,0,0,0,5,3,100,2,0
1,0,0,1,0,2.4,4,33,1,1
0,1,0,0,0,5,4,24,1,0
0,1,0,0,0,6,11,25,1,0
0,1,0,0,0,5,2,74,0,0
1,0,0,0,1,2.4,8,60,1,0
0,1,0,0,0,5,8,54,0,0
1,0,0,1,0,6,13,35,0,1
1,0,0,0,1,6,4,51,2,0
1,0,0,1,0,5,10,30,1,1
1,0,0,0,1,5,4,77,1,0
0,1,0,0,0,6,6,52,0,0
0,1,0,0,0,2.4,3,23,0,0
0,1,0,0,0,5,6,93,1,0
0,1,0,0,0,6,1,55,0,0
0,1,0,0,0,2.4,1,35,1,0
0,0,1,1,0,6,7,40,0,0
0,0,1,1,0,5,7,77,2,0
0,1,0,0,0,6,13,77,0,0
0,0,1,1,0,6,10,52,2,0
0,1,0,0,0,5,7,26,0,0
0,1,0,0,0,6,8,88,2,0
1,0,0,0,1,5,2,100,0,0
0,1,0,0,0,6,13,61,2,0
1,0,0,0,1,6,4,75,1,0
1,0,0,1,0,6,12,74,0,1
1,0,0,0,1,2.4,6,30,1,0
0,1,0,0,0,2.4,12,84,1,0
1,0,0,1,0,2.4,10,40,2,1
0,1,0,0,0,2.4,5,57,0,0
0,1,0,0,0,6,3,96,0,0
1,0,0,0,1,5,8,58,1,0
1,0,0,1,0,6,13,43,2,1
0,0,1,1,0,6,1,96,0,0
0,1,0,0,0,6,11,48,0,0
0,1,0,0,0,2.4,6,98,0,0
0,0,1,0,1,5,8,22,0,0
1,0,0,0,1,2.4,8,85,0,0
0,1,0,0,0,2.4,13,20,2,0
0,1,0,0,0,6,6,32,2,0
0,0,1,1,0,6,2,40,2,0
0,1,0,0,0,6,7,31,2,0
0,0,1,1,0,6,1,26,0,0
0,0,1,0,1,2.4,8,88,2,0
0,1,0,0,0,5,8,94,1,0
1,0,0,1,0,6,13,24,1,1
0,0,1,0,1,5,6,51,2,0
1,0,0,0,1,5,11,92,1,0
1,0,0,1,0,2.4,11,51,1,1
0,1,0,0,0,6,1,89,1,0
1,0,0,1,0,5,9,32,0,1
0,0,1,1,0,6,8,85,1,0
0,1,0,0,0,5,8,76,1,0
0,1,0,0,0,5,11,37,0,0
1,0,0,1,0,6,2,75,1,1
0,1,0,0,0,5,5,65,2,0
0,1,0,0,0,2.4,6,69,1,0
0,1,0,0,0,5,3,34,1,0
1,0,0,0,1,5,12,25,2,0
0,1,0,0,0,2.4,4,56,0,0
1,0,0,1,0,5,6,25,0,1
1,0,0,1,0,6,5,55,0,1
1,0,0,0,1,6,4,73,0,0
1,0,0,0,1,2.4,7,77,0,0
0,1,0,0,0,6,7,37,1,0
0,0,1,0,1,5,6,27,1,0
0,1,0,0,0,6,12,25,1,0
0,1,0,0,0,6,12,39,2,0
1,0,0,0,1,2.4,3,33,1,0
1,0,0,1,0,6,3,76,2,1
0,1,0,0,0,2.4,4,88,2,0
1,0,0,1,0,5,3,20,1,1
0,1,0,0,0,6,3,35,2,0
0,1,0,0,0,6,10,62,1,0
1,0,0,0,1,2.4,6,66,0,0
0,1,0,0,0,5,9,31,0,0
0,1,0,0,0,2.4,3,46,2,0
0,1,0,0,0,6,12,98,2,0
1,0,0,1,0,5,10,66,1,1
0,1,0,0,0,6,10,66,2,0
0,1,0,0,0,6,6,29,2,0
0,1,0,0,0,5,10,54,2,0
1,0,0,0,1,6,8,87,2,0
0,0,1,1,0,2.4,2,74,1,0
1,0,0,1,0,2.4,6,24,0,1
0,1,0,0,0,2.4,3,48,2,0
1,0,0,0,1,5,13,51,0,0
1,0,0,1,0,6,5,26,1,1
0,1,0,0,0,6,7,68,1,0
1,0,0,1,0,5,12,65,2,1
0,1,0,0,0,2.4,10,27,2,0
0,0,1,0,1,2.4,1,47,2,0
1,0,0,1,0,5,12,69,1,1
1,0,0,0,1,5,10,96,1,0
1,0,0,1,0,6,7,69,2,1
0,1,0,0,0,6,8,28,0,0
1,0,0,0,1,5,11,94,0,0
0,1,0,0,0,5,12,96,0,0
0,1,0,0,0,2.4,11,86,2,0
0,1,0,0,0,6,3,76,0,0
1,0,0,1,0,6,6,74,2,1
0,1,0,0,0,6,3,51,0,0
0,1,0,0,0,5,9,25,2,0
0,1,0,0,0,6,4,37,0,0
0,1,0,0,0,2.4,9,67,1,0
0,1,0,0,0,6,4,69,2,0
0,1,0,0,0,5,2,33,0,0
1,0,0,1,0,5,13,80,1,1
0,0,1,1,0,2.4,7,26,0,0
0,1,0,0,0,2.4,7,99,2,0
0,0,1,1,0,5,13,63,2,0
0,1,0,0,0,6,2,72,0,0
0,1,0,0,0,6,3,44,1,0
1,0,0,1,0,2.4,13,38,0,1
0,1,0,0,0,6,3,58,1,0
1,0,0,1,0,6,11,30,1,1
0,1,0,0,0,5,9,48,1,0
1,0,0,1,0,6,7,65,0,1
0,1,0,0,0,2.4,11,47,1,0
1,0,0,0,1,2.4,8,43,2,0
0,1,0,0,0,5,6,48,1,0
1,0,0,0,1,5,3,84,0,0
0,1,0,0,0,6,5,33,1,0
0,1,0,0,0,6,2,62,2,0
1,0,0,0,1,6,10,75,1,0
0,1,0,0,0,5,13,44,0,0
0,0,1,1,0,5,3,97,2,0
0,1,0,0,0,6,1,81,2,0
0,1,0,0,0,2.4,10,34,1,0
0,1,0,0,0,5,11,55,1,0
1,0,0,1,0,2.4,10,75,1,1
0,1,0,0,0,2.4,2,25,2,0
0,1,0,0,0,2.4,2,37,0,0
0,1,0,0,0,2.4,3,39,0,0
0,1,0,0,0,2.4,3,37,1,0
0,1,0,0,0,6,3,46,0,0
0,1,0,0,0,6,2,78,0,0
0,0,1,1,0,5,10,55,1,0
1,0,0,0,1,2.4,6,72,2,0
1,0,0,0,1,5,8,36,2,0
0,1,0,0,0,2.4,8,22,1,0
0,1,0,0,0,2.4,10,28,0,0
1,0,0,0,1,5,2,58,2,0
0,0,1,0,1,5,10,36,0,0
1,0,0,1,0,2.4,1,68,2,1
0,1,0,0,0,5,4,72,0,0
0,1,0,0,0,6,3,51,0,0
1,0,0,1,0,2.4,9,68,2,1
0,1,0,0,0,2.4,4,33,2,0
0,1,0,0,0,6,10,56,1,0
0,1,0,0,0,6,9,48,1,0
0,1,0,0,0,6,9,80,1,0
0,0,1,0,1,5,10,94,2,0
0,1,0,0,0,6,11,60,0,0
0,1,0,0,0,2.4,9,22,2,0
1,0,0,1,0,5,5,39,0,1
0,0,1,1,0,6,4,84,2,0
1,0,0,1,0,6,4,99,2,1
1,0,0,0,1,2.4,4,92,1,0
0,0,1,1,0,5,3,22,2,0
1,0,0,1,0,5,4,52,0,1
0,1,0,0,0,6,3,87,1,0
1,0,0,1,0,5,4,93,1,1
1,0,0,1,0,5,9,91,2,1
0,1,0,0,0,5,10,73,2,0
1,0,0,1,0,6,12,100,1,1
0,1,0,0,0,6,1,98,1,0
1,0,0,1,0,5,2,22,1,1
0,1,0,0,0,2.4,2,23,2,0
0,1,0,0,0,6,3,36,2,0
0,1,0,0,0,5,3,59,0,0
0,1,0,0,0,6,13,37,1,0
0,1,0,0,0,6,1,80,2,0
1,0,0,0,1,2.4,7,46,0,0
0,1,0,0,0,5,3,37,0,0
0,0,1,1,0,6,12,54,2,0
0,0,1,0,1,5,4,81,1,0
0,1,0,0,0,6,5,70,1,0
1,0,0,1,0,2.4,6,36,2,1
1,0,0,0,1,2.4,1,50,0,0
1,0,0,0,1,6,9,70,1,0
0,1,0,0,0,5,13,80,0,0
0,1,0,0,0,5,9,82,1,0
0,1,0,0,0,5,12,41,1,0
1,0,0,1,0,5,6,28,0,1
0,1,0,0,0,6,12,83,2,0
1,0,0,0,1,2.4,11,74,1,0
1,0,0,1,0,5,4,33,1,1
0,0,1,1,0,5,11,51,2,0
1,0,0,0,1,5,6,58,0,0
0,1,0,0,0,2.4,13,43,1,0
0,1,0,0,0,6,11,70,0,0
1,0,0,0,1,6,8,98,0,0
0,1,0,0,0,5,10,66,0,0
0,1,0,0,0,2.4,6,51,0,0
1,0,0,0,1,6,7,69,2,0
0,1,0,0,0,2.4,3,45,2,0
0,0,1,1,0,2.4,9,84,2,0
1,0,0,0,1,2.4,4,65,2,0
0,1,0,0,0,5,9,92,1,0
1,0,0,1,0,5,9,38,0,1
0,1,0,0,0,6,9,82,0,0
1,0,0,0,1,5,12,92,2,0
0,0,1,1,0,6,12,93,2,0
0,0,1,0,1,2.4,3,27,2,0
1,0,0,1,0,6,3,40,1,1
1,0,0,0,1,2.4,2,63,2,0
1,0,0,0,1,2.4,3,56,0,0
0,1,0,0,0,5,7,29,1,0
0,0,1,0,1,6,2,78,2,0
1,0,0,0,1,6,13,21,2,0
0,1,0,0,0,6,11,92,2,0
0,1,0,0,0,6,8,30,1,0
1,0,0,0,1,5,5,51,2,0
0,1,0,0,0,5,6,55,2,0
1,0,0,0,1,5,10,53,0,0
0,1,0,0,0,6,12,71,2,0
0,1,0,0,0,6,1,37,2,0
1,0,0,1,0,5,12,87,2,1
1,0,0,1,0,6,8,64,2,1
0,1,0,0,0,2.4,2,68,1,0
0,1,0,0,0,5,12,53,1,0
0,1,0,0,0,6,2,34,2,0
0,1,0,0,0,5,3,43,0,0
0,0,1,1,0,5,8,22,0,0
0,1,0,0,0,5,1,59,0,0
0,1,0,0,0,2.4,12,87,2,0
1,0,0,0,1,5,2,44,2,0
0,1,0,0,0,6,13,66,2,0
1,0,0,1,0,6,12,52,0,1
0,1,0,0,0,5,11,75,2,0
0,0,1,0,1,5,10,49,0,0
0,1,0,0,0,5,13,81,0,0
0,1,0,0,0,6,7,45,0,0
0,1,0,0,0,5,9,46,2,0
0,0,1,0,1,5,5,53,2,0
0,1,0,0,0,6,8,43,0,0
0,0,1,0,1,5,2,72,2,0
1,0,0,1,0,6,13,72,1,1
1,0,0,1,0,6,10,42,0,1
0,1,0,0,0,5,1,25,0,0
1,0,0,0,1,6,10,46,0,0
0,1,0,0,0,6,2,76,0,0
0,1,0,0,0,5,11,71,2,0
0,0,1,1,0,6,6,42,0,0
0,1,0,0,0,6,13,45,1,0
1,0,0,1,0,6,4,79,1,1
0,1,0,0,0,6,10,94,1,0
0,1,0,0,0,5,5,98,0,0
0,1,0,0,0,2.4,10,44,1,0
0,0,1,1,0,6,10,51,1,0
0,1,0,0,0,5,4,55,0,0
0,1,0,0,0,5,13,77,2,0
1,0,0,1,0,5,5,26,2,1
1,0,0,1,0,2.4,11,36,1,1
1,0,0,0,1,2.4,10,74,2,0
0,1,0,0,0,6,8,40,1,0
1,0,0,0,1,6,8,27,0,0
0,1,0,0,0,2.4,7,86,2,0
0,0,1,0,1,5,12,47,2,0
0,0,1,1,0,6,12,77,1,0
0,1,0,0,0,5,1,72,1,0
1,0,0,1,0,6,3,80,1,1
0,1,0,0,0,6,3,41,0,0
1,0,0,0,1,5,2,47,2,0
1,0,0,1,0,5,12,92,1,1
0,1,0,0,0,2.4,10,51,0,0
1,0,0,1,0,6,10,42,2,1
0,1,0,0,0,5,13,32,1,0
0,1,0,0,0,2.4,1,96,2,0
0,0,1,1,0,5,8,89,1,0
